timestamp,address,name,value
2026-09-28T01:22:52.037,0x200000b4,sys.loop_hz,0x00000508
2026-09-28T01:22:52.037,0x200000b8,sys.loop_period_us,0x000002ec
2026-09-28T01:22:52.037,0x200000e4,sys.uptime_ms,0x0006ed2b
2026-09-28T01:22:52.037,0x200000ec,comm.tn3_tx_count,0x000162a2
2026-09-28T01:22:52.037,0x200000f0,comm.tn3_rx_count,0x00000000
2026-09-28T01:22:52.037,0x20000100,drive.motor_timeout,0x00000001
2026-09-28T01:22:52.037,0x20000104,drive.drive_mode,0x00000000
2026-09-28T01:22:52.037,0x20000174,nav.odom_source_active,0x00000001
2026-09-28T01:22:52.037,0x20000180,nav.robot_yaw_deg,0x00000000
2026-09-28T01:22:52.037,0x2000021c,periph.max_output_current_a,0x00000000
2026-09-28T01:22:52.047,0x200000b4,sys.loop_hz,0x00000508
2026-09-28T01:22:52.047,0x200000b8,sys.loop_period_us,0x000001ce
2026-09-28T01:22:52.047,0x200000e4,sys.uptime_ms,0x0006ed35
2026-09-28T01:22:52.047,0x200000ec,comm.tn3_tx_count,0x000162a4
2026-09-28T01:22:52.047,0x200000f0,comm.tn3_rx_count,0x00000000
2026-09-28T01:22:52.047,0x20000100,drive.motor_timeout,0x00000001
2026-09-28T01:22:52.047,0x20000104,drive.drive_mode,0x00000000
2026-09-28T01:22:52.047,0x20000174,nav.odom_source_active,0x00000001
2026-09-28T01:22:52.047,0x20000180,nav.robot_yaw_deg,0x00000000
2026-09-28T01:22:52.047,0x2000021c,periph.max_output_current_a,0x00000000
